{
  "epoch": 6,
  "val_cer": 0.0014767316060048487,
  "saved_at": "2026-05-11T08:44:26.474933Z"
}